"Reference","Qty","Value"
"C1","1","33n"
"C2","1","47n"
"C3","1","150n"
"C4","1","220n"
"C5,C11","2","100n"
"C6","1","47u"
"C7","1","2.2n"
"C8","1","380p"
"C9","1","100u"
"D1,D2","2","1N4001"
"DB1","1","MB10F"
"FR1,R7","2","100"
"L1","1","Choke"
"L2,L3","2","9m"
"LED1,LED2,LED3,LED4,LED5,LED6,LED7,LED8,LED9","9","LED"
"Q1","1","4N60C"
"R2,R13","2","4k7"
"R3","1","120"
"R4","1","470"
"R5,R6","2","1M"
"R8,R9,R10,R11","4","300k"
"R12","1","6k8"
"R14","1","1R6"
"R15","1","30"
"R16,R17,R18","3","3k"
"R19,R20,R21","3","510k"
"R22","1","56k"
"U1","1","iW3688-01"
"VR1","1","07D391k"
"Z1","1","19V"
